[
  {
    "": "Tuition & Fees",
    "2021-2022": "$147,986,199",
    "2022-2023": "$153,619,852",
    "2023-2024": "$163,445,476",
    "%": "",
    "Definition": "Gross billed tuition & fees",
    "Notes": "",
    "__1": "",
    "__2": ""
  },
  {
    "": "Federal Grant/Scholarship",
    "2021-2022": "$23,372,648",
    "2022-2023": "$25,734,961",
    "2023-2024": "$31,404,866",
    "%": "19.2%",
    "Definition": "Total federal grant dollars awarded (Pell, SEOG)",
    "Notes": "",
    "__1": "",
    "__2": ""
  },
  {
    "": "State Grant/Scholarship",
    "2021-2022": "$21,038,368",
    "2022-2023": "$30,312,509",
    "2023-2024": "$33,128,966",
    "%": "20.3%",
    "Definition": "State grant dollars awarded (CAAP, KEES, etc.)",
    "Notes": "",
    "__1": "",
    "__2": ""
  },
  {
    "": "Other/External Grant/Scholarship",
    "2021-2022": "$4,942,852",
    "2022-2023": "$4,770,448",
    "2023-2024": "$5,478,232",
    "%": "3.4%",
    "Definition": "Total other external grant/scholarship dollars awarded",
    "Notes": "",
    "__1": "",
    "__2": ""
  },
  {
    "": "Total External Aid",
    "2021-2022": "$49,353,868",
    "2022-2023": "$60,817,918",
    "2023-2024": "$70,012,064",
    "%": "42.8%",
    "Definition": "Total federal, state, and other",
    "Notes": "",
    "__1": "",
    "__2": ""
  },
  {
    "": "Revenue after external aid",
    "2021-2022": "$98,632,331",
    "2022-2023": "$92,801,933",
    "2023-2024": "$93,433,412",
    "%": "57.2%",
    "Definition": "Tuition & Fees - (Federal + State + Other)",
    "Notes": "This amount represents our revenue after external discounts and before Institutional Aid",
    "__1": "",
    "__2": ""
  },
  {
    "": "Institutional Grant/Scholarship Aid",
    "2021-2022": "$46,305,786",
    "2022-2023": "$48,764,593",
    "2023-2024": "$52,410,566",
    "%": "32.1%",
    "Definition": "Institutional Aid including State waivers",
    "Notes": "Total Institutional Aid awarded/waived in 23-24",
    "__1": "",
    "__2": ""
  },
  {
    "": "Scholarships",
    "2021-2022": "$32,567,354",
    "2022-2023": "$34,153,965",
    "2023-2024": "$36,324,235",
    "%": "69.3%",
    "Definition": "Total Institutional Scholarships (Merit, Program, Out of State,etc)",
    "Notes": "",
    "__1": "",
    "__2": ""
  },
  {
    "": "Foundation Scholarships",
    "2021-2022": "$1,826,304",
    "2022-2023": "$1,946,984",
    "2023-2024": "$2,023,302",
    "%": "3.9%",
    "Definition": "",
    "Notes": "",
    "__1": "",
    "__2": ""
  },
  {
    "": "Athletic Scholarhship",
    "2021-2022": "$5,978,052",
    "2022-2023": "$6,207,190",
    "2023-2024": "$6,485,708",
    "%": "12.4%",
    "Definition": "Total of Athletic Scholarships",
    "Notes": "May include paying for items other than tuition & fees",
    "__1": "",
    "__2": ""
  },
  {
    "": "State Mandated Waivers",
    "2021-2022": "$3,707,626",
    "2022-2023": "$4,294,990",
    "2023-2024": "$5,332,338",
    "%": "10.2%",
    "Definition": "Includes Police/Fire Memorial; Medical Technology; Veterans; Public Postecondary; State Employ Memorial; Supervising Teacher; Early Childhood Dev; Academic Common Mkt; Foster/Adopted Child; O'Donnell",
    "Notes": "Total tuition waived by state programs in 23-24",
    "__1": "",
    "__2": ""
  },
  {
    "": "Employee/Dependent Tuition Waiver",
    "2021-2022": "$1,884,432",
    "2022-2023": "$1,772,822",
    "2023-2024": "$1,815,404",
    "%": "3.5%",
    "Definition": "Total Employee/Dependent Tuition Waiver",
    "Notes": "",
    "__1": "",
    "__2": ""
  },
  {
    "": "Housing Grants",
    "2021-2022": "$308,635",
    "2022-2023": "$351,087",
    "2023-2024": "$404,916",
    "%": "0.8%",
    "Definition": "Total of Housing Grants",
    "Notes": "",
    "__1": "",
    "__2": ""
  },
  {
    "": "SAFE Fund",
    "2021-2022": "$33,383",
    "2022-2023": "$37,555",
    "2023-2024": "$24,663",
    "%": "0.0%",
    "Definition": "SAFE Emergency Funds",
    "Notes": "",
    "__1": "",
    "__2": ""
  },
  {
    "": "Institutional Aid less State Waivers and Foundation",
    "2021-2022": "$40,771,856",
    "2022-2023": "$42,522,618",
    "2023-2024": "$45,054,926",
    "%": "48.2%",
    "Definition": "Institutional Aid - State mandated waivers",
    "Notes": "Institutional Aid EKU awarded in 23-24",
    "__1": "",
    "__2": "$45,000,000"
  },
  {
    "": "Net Revenue",
    "2021-2022": "$57,860,475",
    "2022-2023": "$50,279,315",
    "2023-2024": "$48,378,486",
    "%": "29.6%",
    "Definition": "Tuition & Fees - (Federal + State + Other) - Institutional Aid",
    "Notes": "Moody's definition; Student obligation is 29.6% of gross tuition and fees",
    "__1": "",
    "__2": "$1.1M - $2.4M written off"
  },
  {
    "": "Discount Rate",
    "2021-2022": "27.6%",
    "2022-2023": "27.7%",
    "2023-2024": "27.6%",
    "%": "",
    "Definition": "Total Institutional Aid less State Mandated Waivers/ Gross Tuition & Fees",
    "Notes": "18.0% - 24.1% is average re: NACUBO for public universities (most recent data is 17-18); Approximately $1M to decrease 0.5%",
    "__1": "",
    "__2": "27.5%"
  },
  {
    "": "Net Revenue per FTE",
    "2021-2022": "$2,211",
    "2022-2023": "$1,886",
    "2023-2024": "$1,733",
    "%": "",
    "Definition": "",
    "Notes": "",
    "__1": "",
    "__2": ""
  },
  {
    "": "Net Revenue per SCH",
    "2021-2022": "$166",
    "2022-2023": "$141",
    "2023-2024": "$130",
    "%": "",
    "Definition": "Net Revenue/Total SCH",
    "Notes": "",
    "__1": "",
    "__2": ""
  },
  {
    "": "Total Student Credit Hours",
    "2021-2022": "347,658",
    "2022-2023": "355,982",
    "2023-2024": "372,432",
    "%": "",
    "Definition": "Total Student Credit Hours",
    "Notes": "",
    "__1": "",
    "__2": ""
  },
  {
    "": "FTE",
    "2021-2022": "26,171",
    "2022-2023": "26,657",
    "2023-2024": "27,909",
    "%": "",
    "Definition": "FT + (UG PT HOURS/12 + GR PT HOURS/9)",
    "Notes": "Moody's definition",
    "__1": "",
    "__2": ""
  },
  {
    "": "",
    "2021-2022": "",
    "2022-2023": "",
    "2023-2024": "",
    "%": "",
    "Definition": "",
    "Notes": "",
    "__1": "",
    "__2": ""
  },
  {
    "": "One Billed UG Student Credit Hour",
    "2021-2022": "",
    "2022-2023": "",
    "2023-2024": "$410",
    "%": "",
    "Definition": "",
    "Notes": "",
    "__1": "",
    "__2": ""
  },
  {
    "": "External Aid",
    "2021-2022": "",
    "2022-2023": "",
    "2023-2024": "$175",
    "%": "",
    "Definition": "",
    "Notes": "",
    "__1": "",
    "__2": ""
  },
  {
    "": "Institutional Aid",
    "2021-2022": "",
    "2022-2023": "",
    "2023-2024": "$114",
    "%": "",
    "Definition": "",
    "Notes": "",
    "__1": "",
    "__2": ""
  },
  {
    "": "Student",
    "2021-2022": "",
    "2022-2023": "",
    "2023-2024": "$121",
    "%": "",
    "Definition": "",
    "Notes": "",
    "__1": "",
    "__2": ""
  },
  {
    "": "",
    "2021-2022": "",
    "2022-2023": "",
    "2023-2024": "",
    "%": "",
    "Definition": "",
    "Notes": "",
    "__1": "",
    "__2": ""
  },
  {
    "": "",
    "2021-2022": "",
    "2022-2023": "",
    "2023-2024": "",
    "%": "",
    "Definition": "",
    "Notes": "",
    "__1": "",
    "__2": ""
  },
  {
    "": "BookSmart",
    "2021-2022": "$6,910,998",
    "2022-2023": "$7,836,252",
    "2023-2024": "$7,771,845",
    "%": "",
    "Definition": "",
    "Notes": "",
    "__1": "",
    "__2": ""
  },
  {
    "": "Net Revenue w/ BookSmart",
    "2021-2022": "$50,949,477",
    "2022-2023": "$42,443,063",
    "2023-2024": "$40,606,641",
    "%": "",
    "Definition": "Tuition & Fees - (Federal + State + Other) - Institutional Aid - BookSmart",
    "Notes": "",
    "__1": "",
    "__2": ""
  },
  {
    "": "Discount Rate including BookSmart",
    "2021-2022": "32.2%",
    "2022-2023": "32.8%",
    "2023-2024": "32.3%",
    "%": "",
    "Definition": "",
    "Notes": "",
    "__1": "",
    "__2": ""
  }
]